Airport,POS1Lon,POS1Lat,POS13Lon,POS13Lat,POS2Lon,POS2Lat,POS3Lon,POS3Lat,POS4Lon,POS4Lat,POS5Lon,POS5Lat,POS6Lon,POS6Lat,POS7Lon,POS7Lat,POS8Lon,POS8Lat,POS9Lon,POS9Lat,POS10Lon,POS10Lat,POS11Lon,POS11Lat,POS12Lon,POS12Lat
万州/五桥,32144956.440477595,7607390.227104753,32144956.440477595,7607390.227104753,32141986.04383257,7612269.860865697,32131962.208135057,7608784.952402154,32122681.250038683,7610318.392956566,32120453.730994795,7609900.123664254,32114884.933385067,7604461.405425124,32104304.217926577,7602927.277665397,32107088.616731443,7597764.487839434,32116740.456748627,7601531.926924062,32126022.52860452,7599717.831574358,32128620.929569222,7600416.041190308,32134189.72717895,7605856.443207806
三亚/凤凰,32251505.358904064,8611865.65832336,32251505.358904064,8611865.65832336,32252805.116266172,8616976.25988613,32242781.28056866,8617106.760908471,32236469.605357796,8620906.66753797,32232943.442711316,8621430.143872768,32224961.128217526,8618679.000327177,32215680.170121156,8620382.392498951,32214566.41059921,8615272.598754501,32224590.24629672,8615534.406848263,32230900.807748064,8611472.484828291,32234242.086313903,8611209.840924568,32241853.51888688,8613700.110788884
三明/沙县,33185392.718055576,7957085.574371265,33185392.718055576,7957085.574371265,33190219.751823694,7961301.495038678,33180380.800206825,7964564.413199959,33177225.51948115,7970272.823634043,33174627.118516453,7971224.28763106,33165345.046660554,7971224.28763106,33157548.730006933,7975842.971162687,33153279.689759314,7971359.623837362,33162560.647855688,7968370.531530683,33166087.924261693,7962796.814919069,33168315.44330558,7961437.73599776,33177596.401401956,7961845.635697433
上海/浦东,33605095.173748486,7564507.560243414,33605095.173748486,7564507.560243414,33613448.37016308,7562548.899155014,33615303.893526636,7569683.607446661,33622729.32825945,7573599.303900773,33624399.96754237,7576115.730888525,33621244.6868167,7582264.657301731,33626441.48874609,7588410.667350758,33618088.2923315,7590366.253296955,33616232.76896794,7583102.959207152,33608436.45231432,7579609.397190485,33607322.69279238,7576674.3112395555,33610291.975677885,7570662.852699729
上海/虹桥,33556089.75478287,7558490.4237341555,33556089.75478287,7558490.4237341555,33564627.83527811,7558490.4237341555,33563143.19383535,7565627.380877439,33569268.87120606,7570243.305135854,33569639.75312686,7573039.751700966,33564070.955517136,7578072.3337850375,33566298.47456103,7585338.445361345,33557760.39406579,7585617.539748076,33558874.153587736,7578212.379308172,33552933.36029768,7573319.111376377,33552748.476217035,7570802.139474902,33557945.27814643,7565766.722061159
上饶/三清山,33201171.349202983,7797226.716394519,33201171.349202983,7797226.716394519,33205440.389450602,7801901.619344001,33195602.55159325,7804512.686095989,33191890.39110661,7810147.182939617,33189105.992301747,7811245.953021331,33179453.038525045,7810696.166511684,33171099.842110448,7815366.611036357,33166830.80186283,7810696.166511684,33177225.51948115,7807810.879242992,33180937.679967795,7802176.274207359,33183722.07877266,7801351.468724333,33192818.15278839,7801901.619344001
且末/玉都,29578854.501914576,6954823.164134778,29578854.501914576,6954823.164134778,29585351.061206087,6959097.468763212,29576070.10310971,6963517.6693259645,29574027.468146466,6969850.401555879,29571429.067181766,6971469.431852609,29561219.233644087,6972500.078251192,29554165.794591606,6978826.624825168,29547112.35553912,6974560.190983152,29556764.195556305,6970144.5479912665,29558434.834839225,6963370.0641195495,29561034.349563442,6961749.808398647,29571799.949102573,6960865.768315421
东营,33283775.55166713,7044965.879314499,33283775.55166713,7044965.879314499,33274308.595730595,7045257.991701987,33275793.23717335,7037506.912759776,33269296.67788184,7032385.356274797,33269110.680041675,7029896.14681492,33274493.479811236,7024624.241214136,33272451.95860751,7017005.337227802,33281362.034783076,7016711.586799928,33280434.273101296,7024184.80041961,33286559.950471997,7029603.622963659,33287116.83023297,7032092.020993194,33281176.036942914,7037360.314966033
丽江/三义,31214595.243972562,7932720.672749795,31214595.243972562,7932720.672749795,31222391.560626186,7934491.821765943,31217751.638457756,7940620.154744804,31220720.921343267,7946609.599635391,31219793.159661487,7948514.643900199,31212367.724928673,7952188.499018068,31210512.20156511,7959125.551795639,31202715.884911492,7957766.141580294,31207727.802760243,7951236.64870543,31204386.52419441,7945384.625326576,31205314.28587619,7943342.778600383,31212739.720609,7939666.751498963
中卫/沙坡头,31781498.84064295,7021694.593389981,31781498.84064295,7021694.593389981,31781498.84064295,7027260.513233691,31769804.365662523,7026381.826869549,31761637.16708809,7030335.357062237,31758109.890682094,7030628.739641108,31749199.814506523,7026821.178920604,31737691.33736626,7028432.570414344,31736948.45976512,7022426.859611503,31749199.814506523,7023305.865548713,31757182.129000314,7019496.619289279,31760709.40540631,7019203.815568691,31769619.481581878,7023013.164465339
临汾/乔李 ,32489849.896600455,7163774.618686767,32489849.896600455,7163774.618686767,32480939.820424885,7164497.559790391,32480939.820424885,7157263.462578556,32473700.38353224,7152775.525151958,32472772.62185046,7150748.549666979,32477227.65993824,7144954.0630354425,32473700.38353224,7137562.130871276,32482610.459707804,7136837.459769171,32482982.455388136,7144084.676184017,32490406.776361424,7148865.4729848355,32490592.77420159,7150603.441427648,32486137.73611381,7156395.024833944
临沂/沭埠岭,33240152.93247108,7258129.334513145,33240152.93247108,7258129.334513145,33231613.738216326,7258129.334513145,33233099.493418604,7250810.271371284,33227158.700128544,7245354.138574947,33227158.700128544,7242912.564398945,33233099.493418604,7237883.005867122,33231613.738216326,7230551.140048845,33240523.814391892,7230551.140048845,33238482.293188162,7237883.005867122,33244421.9727187,7242912.564398945,33244421.9727187,7245354.138574947,33238482.293188162,7250810.271371284
临沧/博尚,31199559.490426295,8194238.67985285,31199559.490426295,8194238.67985285,31192692.04921398,8196516.115541756,31189350.77064814,8189949.864727548,31181739.33807516,8187269.402199878,31180254.696632408,8185392.90390471,31181925.335915327,8179492.588616643,31176356.5383056,8173725.417844602,31183595.975198247,8171712.9571980145,31186566.37184328,8178285.559046231,31194176.69065673,8180968.264921391,31195661.332099482,8182845.259230655,31193805.808735922,8188475.7839651825
义乌,33418540.453822568,7713228.798451859,33418540.453822568,7713228.798451859,33426521.654556833,7714888.892935516,33421881.732388407,7721250.991473651,33424666.131193273,7727194.678354522,33423366.37383116,7729544.566816637,33415940.93909835,7732860.589883311,33414085.415734783,7740180.359252337,33405917.103400838,7738247.417685077,33411115.01908976,7731893.223066481,33407959.738364086,7725950.749033841,33409258.381966673,7723877.281939957,33416683.81669949,7720421.356938068
丹东/浪头,33895043.53137519,6793334.184025258,33895043.53137519,6793334.184025258,33886133.45519962,6792884.997755185,33887618.096642375,6800817.424670709,33881121.53735086,6806202.194502259,33880750.65543006,6808296.107380644,33887247.21472157,6813825.790439011,33885019.695677675,6821145.404686136,33894486.65161422,6821443.743214659,33892630.01449113,6813825.790439011,33899498.56946297,6808445.015524112,33899312.571622804,6806352.030208149,33893002.01017146,6800668.405865573
乌兰察布/集宁,32667494.540350802,6702797.701654606,32667494.540350802,6702797.701654606,32668794.297712915,6708687.70469407,32656172.0610507,6708385.133471645,32648189.746556915,6713064.907515293,32644662.470150914,6713366.432219915,32634638.6344534,6710196.80092618,32622202.395631358,6712460.925393633,32620902.638269246,6706875.7646283535,32633524.874931455,6706875.7646283535,32641693.187265404,6702193.100830393,32645591.345592216,6701891.239982661,32655615.181289725,6704760.816444963
乌兰浩特/依勒力特,33658740.51488253,6242905.876708094,33658740.51488253,6242905.876708094,33652614.83751182,6247977.834263219,33643147.88157529,6242271.325853474,33630896.52683388,6242588.1311544925,33628112.12802902,6241319.892063396,33624029.085621566,6234339.9752690215,33611962.614960805,6230530.306417435,33618088.2923315,6225765.963664696,33627741.24610821,6231482.873957157,33639992.60084961,6231164.727550225,33643147.88157529,6232752.490620096,33646861.15582145,6239416.724937857
乌海,31941509.329882335,6813825.790439011,31941509.329882335,6813825.790439011,31950419.406057898,6814423.779463155,31946707.245571256,6822041.290224006,31952090.04534082,6827713.127603699,31951162.283659037,6829802.673403358,31943922.84676639,6834575.530581946,31943736.848926224,6842178.199368182,31934640.774910495,6841433.384423049,31938354.04915666,6834277.571159992,31933342.131307904,6828310.311722402,31933527.01538855,6826071.812551066,31941138.447961524,6821443.743214659
乌鲁木齐/地窝堡,29812558.003683023,6445662.515423167,29812558.003683023,6445662.515423167,29815342.402487885,6451245.11110346,29802348.170145348,6452640.245546625,29795294.731092863,6458063.505699707,29790468.81108427,6458992.948977234,29779516.099945456,6456359.599495599,29767821.624965027,6459767.105669942,29764666.344239354,6454189.533946884,29777845.460662536,6453105.244677876,29784900.01347454,6447368.347964748,29789725.93348313,6446747.657827171,29800492.646781784,6449073.87287848
二连浩特/赛乌素,32555933.704075582,6499644.217611503,32555933.704075582,6499644.217611503,32552406.42766958,6505349.695745679,32541268.83245012,6501803.9473573975,32530317.235070832,6503654.227775551,32526419.07674402,6502574.632618748,32520293.399373315,6496867.498860354,32507485.16487094,6495478.8369740695,32510640.445596613,6489768.389462916,32522148.922736883,6493626.973808955,32533101.633875694,6491774.75154572,32536999.792202502,6492547.171898039,32543125.469573207,6498255.959033004
井冈山,32844954.300020505,7926725.644195128,32844954.300020505,7926725.644195128,32846252.943623096,7931766.764065085,32835858.226004772,7931766.764065085,32828989.671032935,7936398.411768474,32826205.27222807,7936670.528384119,32817852.07581348,7933946.686668045,32808014.23795613,7935853.34642937,32806714.48059402,7930813.611691039,32817110.311971866,7930540.570509642,32823606.87126337,7926452.527870562,32826762.151989043,7925907.915645558,32834744.466482826,7928633.229806244
伊宁,29124440.616960704,6438368.54016027,29124440.616960704,6438368.54016027,29129452.534809463,6443955.444155635,29117201.18006806,6446747.657827171,29112003.26437914,6452949.937507911,29109404.863414444,6453724.588057637,29097710.388434008,6453105.244677876,29087129.672975525,6457753.980861148,29082302.639207415,6452640.245546625,29094925.989629146,6449849.770991441,29099565.911797576,6443645.45757219,29102536.3084426,6442404.478507627,29114230.783423033,6443489.995006606
伊春/林都,34443384.09809331,6089067.402998475,34443384.09809331,6089067.402998475,34440785.69712861,6095195.523997487,34427606.58070543,6091809.813890813,34416468.98548597,6094388.875610088,34412755.7112398,6093583.1207727855,34405331.39026651,6088261.161528934,34391223.39840202,6087131.525053603,34394007.797206886,6080998.758418407,34407002.02954943,6084550.3379119085,34418139.62476888,6081644.870947411,34421665.78741537,6082289.967455862,34429277.219988346,6088099.517204784
佳木斯,34593556.749475345,6163278.530564309,34593556.749475345,6163278.530564309,34600981.07044864,6167916.855567474,34589101.71138756,6172232.538969328,34586502.196663335,6179420.723355729,34584089.79353881,6180857.668275475,34572023.32287805,6181655.552206304,34562928.36262184,6187719.256893655,34555873.809809834,6183092.138940806,34567383.400709614,6178781.687829906,34569981.801674314,6171592.99020255,34572952.198319346,6170154.557576161,34585017.55522059,6169355.648086174
保山,31092081.696558528,8091145.921695169,31092081.696558528,8091145.921695169,31084657.37558524,8090067.462003507,31088555.533912048,8083593.55545766,31084471.377745073,8077791.510532128,31085028.257506043,8076307.2654049145,31091896.812477887,8072257.882385231,31092638.5763195,8065101.71232094,31100434.892973125,8066451.691653999,31096536.734646313,8072932.581357729,31100250.00889248,8078196.354205787,31100064.011052314,8080220.417973872,31093195.456080474,8084267.773507813
克拉玛依,29529663.0851088,6315549.306190671,29529663.0851088,6315549.306190671,29522237.65037599,6319952.888939539,29514813.329402696,6312875.179827353,29503303.73850291,6311301.301209509,29500705.33753821,6309570.384587856,29499220.696095455,6302799.3972671,29489010.86255778,6297599.910923146,29496807.1792114,6293501.583876396,29504232.613944214,6300279.432431184,29515741.091084477,6301854.255244766,29518339.49204918,6303271.93178528,29519268.367490478,6310357.033578094
兰州/中川,31594202.356875423,7131616.35674434,31594202.356875423,7131616.35674434,31585477.164780498,7131906.191686178,31586220.042381637,7124505.653819737,31579723.483090125,7119424.309596691,31579537.485249966,7116518.899168832,31585292.280699857,7110852.305188546,31582878.763815798,7103729.23169069,31591974.83783153,7103437.791637326,31590861.078309588,7110852.305188546,31597357.637601092,7115938.423603901,31597357.637601092,7118843.113717977,31591788.83999137,7124505.653819737
兴义/万峰林,31748642.934745554,8086426.212686207,31748642.934745554,8086426.212686207,31741218.613772262,8088449.23145003,31738619.09904804,8081705.107435639,31731194.77807475,8078331.569695821,31729709.022872474,8076712.146896439,31731751.657835722,8070773.119520455,31726553.742146805,8064831.05432563,31733979.176879615,8062805.0238125725,31736577.577844314,8069557.989083539,31744373.894497935,8072662.867205984,31745301.656179715,8074552.389682634,31743446.13281615,8080490.813392099
加格达奇/嘎仙,33881121.53735086,5845499.957507556,33881121.53735086,5845499.957507556,33869613.0602106,5846660.706086585,33869613.0602106,5837863.509933138,33860516.98619487,5832879.70726265,33860330.988354705,5830553.256106028,33866271.78164476,5824233.792829562,33861630.74571682,5815745.8345296215,33873325.22069725,5815080.415814751,33873139.22285708,5823402.351446954,33882235.29687281,5828890.541778048,33882792.17663379,5830718.811368733,33876480.50142292,5837531.680233443
包头,32319630.687582918,6765897.613396254,32319630.687582918,6765897.613396254,32313875.892133024,6770550.835165458,32305151.813797623,6764846.358793979,32294571.098339137,6764546.366468942,32291786.699534275,6763044.469991971,32288445.420968436,6756585.677202532,32277864.705509953,6752527.676878773,32283619.500959847,6747866.186297568,32292157.58145508,6753579.305721033,32302924.29475373,6753880.524075679,32305894.691398762,6755533.458363544,32309049.972124435,6761993.821395094
北京/首都,33026125.106417336,6788991.523668337,33026125.106417336,6788991.523668337,33035592.062353875,6788241.951935645,33035221.180433065,6795729.810818632,33042831.499246523,6800668.405865573,33043574.376847662,6803958.883664006,33038191.577078093,6809790.473227968,33041532.855643936,6816963.276863189,33032065.899707396,6817710.754044278,33032436.7816282,6810238.920001072,33024826.46281475,6805304.928972216,33024269.58305377,6802313.776650248,33029466.38498317,6796178.872345424
北海/福成,32220135.208208937,8347246.960472292,32220135.208208937,8347246.960472292,32228116.4089432,8348043.898394529,32224590.24629672,8354684.228402865,32228302.406783365,8360126.803625607,32227374.645101584,8362382.853174893,32221248.967730884,8366231.754080573,32220692.08796991,8373262.645031245,32212709.773476124,8372068.863453596,32216421.93396277,8365833.6840806035,32212709.773476124,8360392.001348222,32213080.655396935,8357870.477267206,32219578.328447964,8353887.579692832
十堰/武当山,32418198.405275114,7460829.877976605,32418198.405275114,7460829.877976605,32412815.605505552,7465061.127806691,32405576.168612905,7459560.222006507,32395737.216996036,7459136.974498716,32393324.813871503,7457867.145379417,32390911.296987448,7451516.048767498,32381630.338891074,7447845.323795787,32387013.138660632,7443608.191540991,32394623.45747409,7449116.18034834,32404090.41341063,7449398.292795332,32406874.812215492,7450810.452725988,32408731.449338578,7457161.910822933
南京/禄口,33302152.58377924,7518534.003108906,33302152.58377924,7518534.003108906,33306235.62618669,7523026.309985802,33296026.906408537,7525973.706349469,33292313.63216237,7531866.448891554,33288787.46951589,7533269.361129306,33279320.513579354,7532848.587844806,33270781.31932459,7537476.329840741,33266140.283396646,7532988.286117036,33276350.11693432,7530042.515951978,33280248.27526113,7524148.927622813,33283589.553826973,7522745.850616563,33293613.389524482,7523166.958446768
南宁/吴圩,32107273.500812083,8264039.0537089445,32107273.500812083,8264039.0537089445,32112657.414341174,8267908.314624151,32104304.217926577,8272044.026364274,32102447.580803495,8277645.331040146,32099663.181998633,8279245.375713517,32090753.105823062,8280178.1345893545,32084441.4306122,8285377.000204647,32079244.6286828,8281777.948941297,32087782.709178034,8277645.331040146,32089453.348460954,8271776.719391713,32091680.867504843,8270175.993477527,32100590.943680413,8269642.919263126
南昌/昌北,32960785.290302865,7752877.336981109,32960785.290302865,7752877.336981109,32968395.609116323,7754946.434005298,32962455.929585785,7761151.869132012,32964497.45078951,7767079.188312077,32963012.809346758,7769421.464944417,32954844.49701281,7772590.723507674,32952432.093888275,7779476.457161802,32944820.661315296,7777548.992688675,32950204.574844383,7771488.095172757,32948161.93988113,7765425.384252812,32949647.69508341,7762944.308736572,32958000.891498,7759911.004539082
南通/兴东,33516922.173674606,7484647.471096954,33516922.173674606,7484647.471096954,33525832.249850173,7484647.471096954,33524161.610567253,7491685.039731568,33530101.29009779,7496890.790480722,33530473.28577812,7499281.48882075,33524718.490328226,7504484.097719914,33526946.009372115,7511792.132514759,33518406.81511736,7511932.062840771,33519520.574639305,7504764.962299187,33513580.895108767,7499563.313194273,33513394.8972686,7497171.824476585,33519149.6927185,7491685.039731568
南阳/姜营,32601225.848795027,7409375.495783245,32601225.848795027,7409375.495783245,32607908.405926704,7413340.662781368,32598813.445670493,7417871.921506625,32597884.57022919,7423956.834980207,32595472.167104658,7425654.569543328,32585819.21332795,7427211.185788372,32579693.53595725,7433291.472719462,32573196.976665743,7429332.755025211,32582291.936921947,7424947.491636194,32583034.814523086,7418437.573924804,32585633.215487786,7416738.839411214,32595100.17142433,7415606.50191511
博乐/阿拉山口,29238971.849880956,6360427.346325539,29238971.849880956,6360427.346325539,29236930.32867723,6366217.666111336,29224306.978255495,6363714.009160804,29214098.25847734,6366373.476989803,29210384.984231174,6366217.666111336,29202403.783496913,6361053.780049944,29189038.66923356,6360427.346325539,29190709.30851648,6354633.414097915,29203331.54517869,6357139.519929949,29214283.142557986,6354477.406126404,29217624.421123825,6354633.414097915,29225792.733457774,6359800.870343579
厦门/高崎,33217134.86443103,8109204.399917317,33217134.86443103,8109204.399917317,33222332.78011995,8113244.448273526,33212865.824183412,8116609.845524773,33210638.305139523,8122397.888690117,33207483.024413846,8124147.543588955,33198386.950398117,8124147.543588955,33191147.513505474,8129394.571825448,33186506.477577522,8125223.725954222,33195602.55159325,8121859.309069401,33197830.070637144,8116071.881348346,33200800.467282176,8114321.354628597,33209895.427538384,8114052.336730689
台州/路桥,33576508.3080987,7778512.345109297,33576508.3080987,7778512.345109297,33584304.62475232,7780577.627964668,33577992.94954146,7786496.689872176,33580035.58450471,7792550.258845987,33578735.827142596,7794200.853949919,33570196.63288784,7797226.716394519,33567412.23408297,7803963.462058507,33559615.91742935,7801901.619344001,33565927.59264022,7795989.054833203,33563886.071436495,7789936.969852673,33565370.71287925,7788010.120836754,33573353.02737303,7785258.081285574
合肥/新桥,33090166.27892922,7515724.765021587,33090166.27892922,7515724.765021587,33082741.957955923,7518393.303246738,33078843.799629115,7511932.062840771,33069747.725613385,7509402.962458392,33067706.20440966,7507155.010165174,33068633.96609144,7500828.913726533,33061951.40895976,7495202.766439302,33069376.843692575,7492389.170458756,33073275.002019383,7499141.418071823,33082369.962275594,7501531.6889549745,33084412.597238846,7503781.48714919,33083112.839876734,7509965.30954669
吐鲁番/交河,29995028.56744196,6530750.433648232,29995028.56744196,6530750.433648232,29995028.56744196,6537051.431316601,29982035.44885894,6535822.539145568,29973310.256764017,6539663.574560195,29969041.216516398,6539663.574560195,29960131.140340835,6535822.539145568,29947322.90583846,6537051.431316601,29947322.90583846,6530750.433648232,29960131.140340835,6532133.999987042,29969041.216516398,6528136.795593327,29973310.256764017,6528136.795593327,29982035.44885894,6532133.999987042
呼伦贝尔/海拉尔,33419468.215504352,5941524.5915392935,33419468.215504352,5941524.5915392935,33420952.856947105,5947920.788772708,33406103.101241,5947264.659820746,33397007.02722527,5952181.94835753,33392367.105056845,5952673.522535284,33381414.39391803,5949067.6644707415,33367678.397733875,5951198.71567824,33366564.63821193,5944804.959820343,33381043.511997223,5945132.632529982,33390139.586012956,5940211.305472096,33394408.62626057,5939719.017523189,33405360.22363986,5943328.801580993
呼和浩特/白塔,32523262.682258826,6726034.969958626,32523262.682258826,6726034.969958626,32526419.07674402,6731459.466643577,32513610.842241645,6732815.1349290935,32507113.16919061,6738235.987781351,32502473.247022185,6738838.4262370635,32492449.411324676,6736881.047395125,32481125.818265054,6740343.913731074,32477970.537539378,6734321.520605379,32490406.776361424,6733417.8969182065,32497275.331333265,6727843.459941542,32501544.371580884,6726939.25552956,32511940.202958725,6729350.588371929
和田,28965173.005322464,7074022.307797316,28965173.005322464,7074022.307797316,28961831.726756632,7079415.671318061,28951251.011298142,7075625.897403391,28941227.175600633,7077375.320098481,28937513.901354462,7076500.643424548,28931945.103744738,7071397.2715022415,28920250.628764305,7069646.8997973725,28923407.0232495,7064247.875753755,28933615.743027657,7067750.057955941,28943639.578725167,7066290.659022456,28947352.852971334,7067166.146517996,28953478.530342035,7072563.739814838
哈尔滨/太平,34121136.71433018,6278193.966710962,34121136.71433018,6278193.966710962,34128933.0309838,6282141.914597578,34119095.19312645,6287665.42172556,34118352.31552531,6294605.560115825,34115381.918880284,6296497.241044681,34103687.443899855,6298545.4913087785,34097004.88676818,6305477.401232146,34088651.69035359,6301539.501347661,34099047.52173143,6296181.357482631,34099789.28557304,6289085.294421988,34102759.682218075,6286718.717528949,34113897.27743753,6284983.154349594
唐山/三女河,33213236.706104223,6832636.403573394,33213236.706104223,6832636.403573394,33212865.824183412,6838750.533940762,33200428.471601844,6837110.075655754,33191704.393266447,6840687.621710481,33188177.116860442,6840240.496025066,33179639.036365207,6836066.988253601,33167572.565704446,6836961.580778948,33168129.445465416,6830846.392767252,33180195.91612618,6832636.403573394,33189105.992301747,6828907.46131557,33192818.15278839,6829056.071891846,33200800.467282176,6833233.3032726105
喀什,28537303.35105513,6846797.003094516,28537303.35105513,6846797.003094516,28537860.230816104,6852455.296929423,28525237.994153894,6852008.67806714,28516884.797739297,6856176.672361288,28512800.641572323,6856324.892518807,28504076.563236922,6852752.734443289,28492010.09257616,6854092.437549181,28491082.33089438,6848137.47455607,28503704.567556594,6849179.348141421,28512057.763971187,6844710.885084106,28516141.92013816,6844562.499098729,28524865.998473562,6848137.47455607
嘉峪关,31019687.327632055,6830398.841627041,31019687.327632055,6830398.841627041,31012819.886419736,6834426.104557204,31005394.451686926,6828160.795100957,30994813.736228444,6826817.73438623,30992400.219344385,6825026.714951256,30990544.695980825,6818457.280833812,30980705.744363956,6813975.51508943,30987760.29717596,6809641.584574206,30994999.734068606,6816216.641783819,31005580.44952709,6817112.95589397,31007992.852651626,6819055.000986725,31009849.489774708,6825474.49894467
固原/六盘山,31871528.477839917,7142056.135337925,31871528.477839917,7142056.135337925,31880438.55401548,7141476.112313243,31879695.676414344,7148865.4729848355,31886378.23354602,7154078.574574534,31886378.23354602,7156249.989220597,31880809.43593629,7161604.650031835,31883593.834741153,7168980.8463785,31874869.756405752,7169414.590671064,31875983.5159277,7162038.6770750815,31868928.963115692,7156829.252056396,31868928.963115692,7154657.948873157,31874497.760725424,7149299.990231123
塔城,29354245.960402343,6197923.418592958,29354245.960402343,6197923.418592958,29348306.280871805,6202862.0626146495,29338282.44517429,6197605.042528324,29326215.97451353,6197605.042528324,29323060.69378786,6196489.203185329,29319162.535461053,6189793.169878144,29306540.298798837,6186283.411116771,29312479.978329375,6181336.598723558,29322503.81402689,6186603.1459939685,29334569.170928128,6186603.1459939685,29337725.565413322,6187719.256893655,29341994.60566094,6194416.835843828
大同/云冈,32707033.003379878,6811285.518681945,32707033.003379878,6811285.518681945,32700722.44192853,6815469.952565079,32692740.127434745,6809790.473227968,32681788.530055456,6808893.52099338,32678818.133410424,6807249.2042827215,32676776.612206697,6800967.3389951475,32666009.89890805,6796776.991734734,32672692.456039723,6792136.609658893,32680674.770533506,6798273.933348723,32691069.488151826,6798722.8834210485,32694039.884796858,6800368.566287845,32696638.285761554,6807099.381661686
大庆/萨尔图,33999550.92859793,6197285.699055266,33999550.92859793,6197285.699055266,33989713.09074058,6199357.405288941,33986557.8100149,6191706.831608056,33975977.09455642,6187560.367932662,33974491.33935414,6185804.7447942365,33977275.73815901,6178941.690507077,33970222.29910653,6171592.99020255,33980060.136963874,6169195.473970279,33983401.41552971,6177184.378705338,33993982.130988196,6181176.63880004,33995281.88835031,6183252.064691879,33992497.48954544,6189952.976238623
大连/周水子,33607507.57687302,6900133.392181218,33607507.57687302,6900133.392181218,33606579.81519124,6906059.717415011,33594699.342370644,6904133.827588247,33585604.38211443,6907688.494798807,33580963.34618649,6907244.226971748,33573353.02737303,6903096.527342964,33561101.67263163,6903244.973318169,33561658.5523926,6897465.589951785,33573909.907134004,6899540.309319891,33583004.867390215,6895982.888543671,33587459.905478,6896427.631982004,33595256.22213162,6900874.03192291
天津/滨海,33133788.89812527,6898799.57566323,33133788.89812527,6898799.57566323,33125621.699550837,6901615.508564242,33122094.423144832,6894056.04253068,33112441.46936813,6891089.467570832,33110770.83008521,6888271.601684399,33112627.467208296,6881741.139381535,33105758.912236456,6875653.118444776,33113927.22457041,6873127.951144239,33117825.38289722,6880404.982766349,33126920.343153425,6883374.581881162,33129147.862197317,6886193.763993723,33126920.343153425,6892721.454458132
太原/武宿,32612920.32377546,7016125.821191058,32612920.32377546,7016125.821191058,32607351.52616573,7020522.688944557,32598998.329751138,7015099.335818753,32588603.612132818,7015246.233853912,32584519.45596584,7013486.845163525,32581550.173080333,7007032.721682031,32571154.341702495,7003364.811739986,32576723.139312223,6998813.852626717,32584891.45164617,7004391.529257513,32595286.16926449,7004538.5725858705,32598998.329751138,7006299.4152395185,32602339.608316977,7012313.174173322
宁波/栎社,33594885.34021081,7691352.203094149,33594885.34021081,7691352.203094149,33590244.30428286,7696201.117762683,33582077.105708435,7691213.352012569,33572610.14977189,7691490.221315969,33569454.86904622,7690381.878507277,33566113.59048039,7684560.12731746,33556089.75478287,7681371.2356048925,33560729.6769513,7676794.149018074,33568897.989285246,7681787.257066408,33578364.94522178,7681509.356157891,33581891.10786827,7682619.261369448,33584861.50451329,7688579.8994818535
宁蒗/泸沽湖,31282534.57481125,7864858.949946566,31282534.57481125,7864858.949946566,31287918.48834034,7868964.201682231,31278822.41432461,7872657.933556523,31276594.89528072,7878675.061071754,31273439.614555046,7880042.578262869,31264157.54269915,7880588.89292977,31257104.103646666,7885919.71710326,31252092.18579791,7881819.256276631,31261188.259813644,7878264.862881258,31263415.778857533,7872110.499815827,31266200.177662395,7870468.895426573,31275295.137918606,7869921.37901862
安庆,33100005.230546087,7614500.351337782,33100005.230546087,7614500.351337782,33103903.388872895,7619238.570914078,33093507.557495054,7622024.517923673,33089795.397008408,7627455.960711717,33086640.11628273,7628709.052458215,33077173.160346195,7628013.183555987,33068447.968251273,7632189.516399143,33064549.80992446,7627595.477488693,33074945.641302302,7624809.874689068,33078657.80178895,7619098.965466556,33081442.200593814,7618402.5879850015,33090909.15653035,7619098.965466556
宜宾/菜坝,31709847.349317618,7766527.666541655,31709847.349317618,7766527.666541655,31711703.9864407,7771901.3843910275,31700566.391221244,7772177.454753233,31694440.713850543,7776722.736939095,31691656.315045677,7776997.885538754,31683117.12079092,7774380.86213926,31672907.28725324,7776584.7474596305,31671608.64365065,7771488.095172757,31682189.359109137,7770937.57487354,31688871.91624081,7766665.755756261,31691099.435284704,7766114.217571467,31699637.51577994,7768732.795548612
宜昌/三峡,32481682.698026024,7632745.70415003,32481682.698026024,7632745.70415003,32475557.020655323,7636503.115680158,32468688.465683483,7631075.400151645,32459221.509746946,7630379.656147525,32456993.990703054,7628987.222663645,32455138.467339493,7622860.270462703,32446042.39332376,7618820.586102165,32451797.188773654,7614778.822370809,32458664.629985973,7620213.259819262,32468503.58160284,7621188.712252045,32470359.104966402,7622581.970766451,32472215.742089488,7628709.052458215
宜春/明月山,32791864.724887915,7844177.817307638,32791864.724887915,7844177.817307638,32797062.64057684,7848562.725426972,32787223.68895997,7851850.733440701,32784625.28799527,7857466.556836199,32782026.88703057,7858835.256569862,32772744.815174676,7858698.8853531005,32765134.49636122,7863900.616465094,32759936.580672298,7859520.3791958,32769775.53228917,7856234.122951813,32772373.93325387,7850206.823471566,32775158.33205873,7848973.767579559,32784254.40607446,7849111.053037913
富蕴/可可托海,30041806.46736368,6184209.644252556,30041806.46736368,6184209.644252556,30036423.66759412,6189474.505590452,30025842.952135634,6184528.495555256,30013777.595234394,6185326.052931482,30010250.318828396,6183889.824051332,30005238.400979638,6177663.505526656,29992244.168637097,6174629.241683047,29997628.08216618,6169195.473970279,30008765.67738564,6174309.079339413,30020831.03428688,6173350.440976246,30024172.312852714,6174788.360025564,30028813.34878066,6181016.676021894
巴彦淖尔/天吉泰,32070334.552507233,6728295.531722989,32070334.552507233,6728295.531722989,32066993.273941398,6733869.71887585,32056040.562802583,6729802.592563277,32045459.847344097,6731911.376316255,32042490.56445859,6731158.483567828,32036364.88708789,6725281.638094461,32023741.536666155,6723773.900749495,32027082.81523199,6718496.398037327,32038406.408291616,6721964.679683622,32048987.123750098,6720155.133272862,32052328.402315937,6720909.753690165,32058083.197765827,6726487.122890975
布尔津/喀纳斯,29760954.183752708,6049135.028847983,29760954.183752708,6049135.028847983,29754271.62662103,6053994.904844778,29744618.672844328,6048324.138769061,29731810.438341953,6048162.7296135845,29728840.04169693,6046541.666441742,29725498.76313109,6039568.737260705,29712876.526468873,6035674.628764147,29719188.201679744,6030804.547849096,29729212.037377253,6036486.693756066,29741648.2761993,6036973.507042149,29744989.55476514,6037947.052163973,29748702.829011306,6044920.302639551
常州/奔牛,33409073.497886032,7513337.180913052,33409073.497886032,7513337.180913052,33406103.101241,7518534.003108906,33396265.263383657,7514882.040575875,33386983.19152776,7516567.433361908,33383271.031041116,7515584.876647968,33377702.233431388,7510667.575929608,33366378.640371762,7509263.004119428,33369349.037016794,7504062.367381707,33379558.870554466,7507294.991875596,33388839.828650843,7505608.361876018,33392367.105056845,7506451.705060162,33398120.786747217,7511651.357671831
常德/桃花源,32482239.577786997,7748600.772678781,32482239.577786997,7748600.772678781,32490406.776361424,7749842.65259776,32486137.73611381,7756325.935857147,32490035.894440617,7761841.741796672,32489293.016839482,7764046.788048059,32481868.69586619,7768044.0920400135,32481311.816105217,7774932.072732396,32472958.619690627,7773692.4380789865,32476856.778017435,7767492.608566475,32473700.38353224,7761428.153193178,32474257.263293214,7759773.675361719,32481125.818265054,7755360.216252622
广元/盘龙,31839043.453863323,7466471.506536292,31839043.453863323,7466471.506536292,31840714.093146242,7471687.758008211,31829390.50008662,7471969.358231898,31822707.942954946,7476760.66157672,31819738.660069436,7476900.982602658,31811013.467974514,7474224.467592685,31800247.86843539,7476619.493652472,31798391.231312305,7471405.305748742,31809899.708452567,7471123.692783488,31816397.3815036,7466471.506536292,31819552.66222927,7466189.78199112,31828462.73840484,7468586.35207378
广州/白云,32668794.297712915,8199061.6878832225,32668794.297712915,8199061.6878832225,32676404.61652637,8200534.841717336,32672692.456039723,8206695.299362819,32676033.73460556,8212451.176251775,32674733.977243446,8214994.353262595,32667866.53603113,8219008.699399544,32667123.658429995,8225696.909004278,32659141.34393621,8224627.196181396,32663225.500103183,8218071.835681134,32660070.21937751,8212719.404223766,32661183.978899457,8210041.752972634,32667680.53819097,8205891.923579027
庆阳/西峰,32049173.121590264,7188049.934605627,32049173.121590264,7188049.934605627,32042118.56877826,7191801.913674407,32036178.889247723,7185451.486872598,32026341.051390372,7183718.858888067,32023741.536666155,7182274.511862939,32023184.65690518,7175629.191487873,32014274.58072962,7171004.555280972,32021143.135701455,7167245.703121526,32027082.81523199,7173317.542624706,32037292.64876967,7174906.960178376,32039149.28589275,7176785.7063141875,32040077.047574535,7182996.275078464
库车/龟兹,29300228.623587973,6653122.953595555,29300228.623587973,6653122.953595555,29301342.38310992,6659042.38192714,29288905.03052835,6658739.210980777,29280737.831953924,6663290.352423815,29277210.555547923,6663593.38430137,29267558.71553074,6660255.883317355,29254935.365109004,6662683.350832051,29253821.605587058,6656462.85664553,29266815.8379296,6656918.169343937,29274983.03650403,6652364.100284391,29278139.430989224,6651908.578159869,29288163.266686734,6655400.0753898015
康定,31393353.647244856,7670550.149474238,31393353.647244856,7670550.149474238,31386114.21035221,7673186.304666033,31381659.172264427,7666524.139930466,31372935.093929026,7664303.2360270275,31370893.572725296,7661664.495377243,31371450.45248627,7655274.1970989015,31364395.899674267,7649715.718964971,31372007.332247242,7646934.77343002,31375905.490574054,7653745.97228016,31384629.568909455,7656247.067143679,31387227.96987415,7658608.503141159,31386114.21035221,7664997.204024196
延吉/朝阳川,34488120.476811305,6542580.891508205,34488120.476811305,6542580.891508205,34489791.11609422,6548567.568762332,34476796.883751675,6548260.956801923,34468443.687337086,6553017.411884775,34464917.52469061,6553630.324633047,34455264.57091391,6550408.877504969,34442456.33641153,6552710.02060578,34441342.57688959,6546725.909264402,34454336.80923212,6546573.035752904,34462133.12588574,6541967.277719518,34465659.28853222,6541659.53479823,34475683.12422974,6544883.898733856
张家界/荷花,32366779.469425447,7740594.584829313,32366779.469425447,7740594.584829313,32368822.104388695,7745840.086990083,32357869.39324988,7746530.7242872445,32351743.71587918,7751498.3186758645,32348217.5532327,7751912.204175612,32339678.35897794,7749842.65259776,32329654.52328043,7752326.07727297,32327241.006396376,7747358.780939428,32338193.717535187,7746392.4339787485,32344504.278986532,7741698.849247916,32348031.555392534,7741284.65693109,32356570.749647293,7743632.134052698
张掖/甘州,31281420.81528931,6918789.114810723,31281420.81528931,6918789.114810723,31278079.536723472,6923817.8522102535,31267313.93718434,6919972.196820151,31256918.105806503,6921599.716761339,31253762.825080827,6920712.332356818,31248194.027471103,6915089.90886616,31236313.554650504,6913166.555628963,31240026.82889667,6907540.111427305,31250421.54651499,6911537.735964216,31260816.26413331,6910057.903174764,31264343.540539313,6911241.963655957,31269912.33814904,6916865.54731038
徐州/观音,33161632.88617391,7325793.542081386,33161632.88617391,7325793.542081386,33162560.647855688,7331355.30836318,33151238.168555588,7330641.836342884,33143255.854061805,7334776.642516922,33138986.813814186,7335204.240217222,33130818.501480233,7331640.171937908,33119680.906260777,7333350.9209293425,33118753.144578997,7327932.990739894,33130076.737638623,7328502.874935275,33137687.056452077,7324081.705826033,33141956.096699692,7324081.705826033,33150495.290954452,7327219.313460439
德宏/芒市,31032124.680213623,8120110.215097258,31032124.680213623,8120110.215097258,31038064.35974416,8123877.881328884,31029340.281408757,8127780.2817756925,31028226.521886814,8133966.987706747,31026555.882603895,8134773.846571997,31017274.92450752,8135850.1342605,31011149.24713682,8141630.539875098,31005765.333607733,8137866.974331288,31014118.530022327,8133563.543323373,31015232.289544273,8127780.2817756925,31017274.92450752,8126434.648698207,31026185.000683088,8125492.55858984
忻州/五台山,32649117.508238696,6927513.120915711,32649117.508238696,6927513.120915711,32652273.90272389,6932832.896039146,32640393.429903295,6934162.423023106,32634267.752532594,6939626.803075787,32631112.47180692,6940069.713828024,32620716.64042908,6938150.005263539,32610135.924970593,6941546.24497995,32607351.52616573,6936377.931337828,32618861.11706552,6935196.67984027,32624986.79443622,6929434.75431344,32628142.075161893,6928991.39958548,32638351.90869957,6930764.70726248
怀化/芷江,32275080.306705087,7871289.72085684,32275080.306705087,7871289.72085684,32281576.865996595,7874299.290219165,32273966.54718314,7879222.2474463675,32273780.549342975,7885373.602301214,32271739.02813925,7886876.598699957,32262828.951963685,7888926.262463562,32257817.034114927,7895073.529499683,32251320.47482342,7891658.426949058,32259116.79147704,7886739.6709050685,32259301.67555768,7880588.89292977,32260787.43075996,7879085.24769222,32269697.506935522,7877171.217945059
恩施/许家坪,32240553.761524767,7631771.942621432,32240553.761524767,7631771.942621432,32248906.95793936,7632885.16497073,32245565.679373525,7639703.587728484,32249834.719621144,7645266.260053283,32249463.837700337,7646934.77343002,32242967.278408825,7651383.673234632,32242595.282728493,7658747.692270499,32234242.086313903,7657914.202716552,32237955.360560067,7651105.139434783,32233500.32247229,7645544.916387109,32233685.20655293,7643597.536702321,32240739.759364933,7639146.858065198
成都/双流,31628172.022294767,7613803.729724538,31628172.022294767,7613803.729724538,31636339.220869195,7615894.319710238,31630399.54133866,7622302.8294187,31632997.94230336,7628291.368450318,31631141.305180274,7630657.791107176,31623344.988526653,7634137.741030503,31620746.587561954,7640955.517910188,31612950.270908333,7639146.858065198,31618519.068518065,7632885.16497073,31615920.667553365,7626898.714295931,31617776.190916926,7624113.799698036,31625944.503250875,7621049.127525782
扎兰屯/成吉思汗,33721297.04595165,6092615.730791286,33721297.04595165,6092615.730791286,33710716.33049317,6091164.446754855,33715357.36642111,6083258.492028648,33710530.332653,6076800.292651406,33710902.32833333,6074861.713669231,33720183.2864297,6069689.430945594,33720554.16835051,6061602.9678087,33731506.87948933,6062573.775932752,33726494.961640574,6070336.375367854,33731877.76141013,6076961.175492704,33730949.99972835,6079383.753900373,33722224.80763343,6084066.160018984
扬州/泰州,33390696.465773925,7469150.53216834,33390696.465773925,7469150.53216834,33382157.27151917,7470419.209661158,33381414.39391803,7463228.327198703,33373990.072944738,7458855.083652923,33373061.19750344,7456456.636173976,33376774.471749604,7450668.989856643,33372319.433661822,7444173.508976627,33381043.511997223,7442902.144067813,33381971.273679003,7450104.816464925,33389396.708411817,7454056.877944817,33389953.58817279,7456456.636173976,33386426.31176679,7462240.736740514
抚远/东极,35029407.60447694,6032915.574818612,35029407.60447694,6032915.574818612,35036090.161608614,6037621.900170175,35024209.68878803,6042001.673393935,35020868.41022219,6049135.028847983,35017713.12949651,6050268.593291193,35005461.774755105,6050916.97278057,34995994.81881857,6057070.783778201,34988755.381925926,6051888.965967177,35001192.734507486,6047676.539457097,35004162.017393,6040867.036315519,35007318.41187819,6039407.166301882,35019940.64854041,6038757.932365696
揭阳/潮汕,33032436.7816282,8187805.850672038,33032436.7816282,8187805.850672038,33038562.458998904,8191022.573179455,33030766.142345283,8195846.502638885,33030395.260424476,8201606.072519289,33028167.741380587,8203347.38076683,33019442.549285658,8204552.611372217,33014245.74735626,8210711.6069738995,33008120.06998556,8207096.972961177,33015916.386639178,8202543.845959019,33016287.268559985,8196516.115541756,33018328.78976371,8195176.059204046,33027053.981858637,8193702.436795821
攀枝花/保安营,31388713.72507643,7944023.152893895,31388713.72507643,7944023.152893895,31396324.043889888,7946064.906769678,31391312.12604113,7952324.8225511275,31393353.647244856,7958037.870247735,31392239.88772291,7960213.970647059,31384443.571069293,7963477.124145599,31382031.16794476,7970272.823634043,31374791.731052108,7968370.531530683,31379803.648900867,7962253.524359467,31377761.013937615,7956405.79245226,31378874.77345956,7954229.141055932,31386671.09011318,7950963.980629078
敦煌,30629500.613030232,6790488.705161994,30629500.613030232,6790488.705161994,30630428.374712016,6796627.914192339,30617992.13588997,6796028.887984505,30610009.82139618,6800368.566287845,30606297.660909537,6800668.405865573,30597015.58905364,6797375.974215286,30584579.350231595,6799470.790588052,30583836.472630456,6793633.33114916,30596273.825212024,6793783.350590651,30604441.023786455,6789590.06308745,30607968.300192453,6789290.797755785,30617435.256128993,6792435.7917765165
新源/那拉提,29357216.35704737,6492700.907582333,29357216.35704737,6492700.907582333,29357958.120888986,6499027.855678174,29344779.004465804,6498102.312696477,29336054.926130403,6502574.632618748,29332898.53164521,6502882.704321355,29323431.575708672,6499027.855678174,29310623.34120629,6501032.274715252,29309881.577364676,6494707.579583013,29323060.69378786,6495633.45131306,29331784.772123262,6491157.881783233,29334941.166608457,6491003.194976692,29344408.122544996,6494399.244382877
日照/山字河,33358211.441797335,7219328.676576691,33358211.441797335,7219328.676576691,33353570.405869387,7224077.976263646,33344660.32969382,7219041.065120621,33334822.491836473,7219328.676576691,33331481.213270634,7217745.428827805,33327953.936864637,7211697.193625901,33317002.33948534,7208816.249253435,33322200.255174264,7204060.631785728,33330924.333509665,7208816.249253435,33340762.171367012,7208527.509855404,33344103.449932847,7209824.18668149,33348001.608259656,7216161.962990982
昆明/长水,31520694.228427,8061049.46066677,31520694.228427,8061049.46066677,31527004.789878346,8064291.345197872,31519580.46890506,8068882.336219182,31519208.473224726,8075092.558990316,31516796.070100192,8076847.375015601,31507699.99608446,8078736.39961648,31502874.07607587,8084807.6130232215,31496191.518944196,8081434.732644474,31504172.71967846,8076712.146896439,31504544.71535879,8070502.558544939,31506586.236562517,8068477.254725137,31515682.310578246,8066856.825023366
普洱/思茅,31297570.32835752,8272176.878013177,31297570.32835752,8272176.878013177,31289774.0117039,8272844.322261663,31290330.891464874,8265773.241887389,31284762.093855143,8261503.113635474,31284205.21409417,8259501.005713901,31289032.247862287,8254294.446432106,31286618.73097823,8247617.351508005,31294229.049791683,8247349.669162843,31293858.16787088,8254027.668371687,31299426.965480603,8258700.098069513,31299983.845241576,8260568.558303105,31295157.925232988,8265506.639676071
景德镇/罗家,33108172.42912051,7715303.884923238,33108172.42912051,7715303.884923238,33114298.106491216,7718623.36574284,33106130.907916784,7723186.332811778,33105388.030315645,7729682.197741365,33103346.509111922,7731202.678677006,33094436.432936355,7732722.161971038,33088495.6396463,7738799.240992442,33082555.96011576,7735070.273822551,33090538.274609543,7730373.647839696,33090909.15653035,7724430.513731664,33092950.67773408,7722633.050625451,33102232.749589976,7721112.446014548
朝阳,33450839.479958996,6657373.461122521,33450839.479958996,6657373.461122521,33460306.435895536,6655703.348504383,33461605.079498127,6663441.414516365,33469958.275912717,6667839.407674889,33470515.15567369,6670113.154268376,33466246.11542607,6676476.879967081,33471258.03327483,6683593.069550004,33462161.9592591,6684803.57884039,33460491.31997618,6676931.276100742,33452510.119241916,6672689.135425501,33451396.35971997,6670870.651109893,33455665.39996759,6664351.378480656
杭州/萧山,33477940.590406504,7644293.41987493,33477940.590406504,7644293.41987493,33481467.86681251,7649159.409643385,33471258.03327483,7651661.367289863,33466616.997346878,7657219.866107436,33462904.83686024,7658191.760528147,33453808.762844503,7657219.866107436,33444527.804748133,7661387.0098548755,33440629.64642132,7656524.65969809,33451396.35971997,7654440.490096408,33455479.402127422,7648742.370880432,33459192.676373594,7647491.175982697,33468659.63231013,7648464.615797127
果洛/玛沁,31239840.831056505,7303662.705495368,31239840.831056505,7303662.705495368,31235014.911047917,7308235.496927533,31226104.83487235,7303805.8999879565,31216451.881095648,7304091.4263354335,31212553.722768836,7302805.217090122,31208284.682521217,7296944.3296584375,31197888.851143375,7294084.448314315,31202159.005150516,7289076.909315317,31211439.96324689,7293941.135647307,31221092.917023595,7293226.262561191,31224991.075350404,7294942.571483351,31228889.233677216,7300804.45429313
柳州/白莲,32242967.278408825,8156678.599157326,32242967.278408825,8156678.599157326,32235912.72559682,8158827.430666486,32232943.442711316,8152246.304591853,32224961.128217526,8149290.510444729,32223476.486774772,8147544.351489717,32225147.126057692,8141630.539875098,32219578.328447964,8135850.1342605,32226817.76534061,8133698.29485623,32229602.164145477,8140286.8542837445,32237955.360560067,8143243.462333698,32238697.12440169,8144990.884822926,32237026.48511877,8150902.6810258925
桂林/两江,32301253.65547081,8051319.802172229,32301253.65547081,8051319.802172229,32309049.972124435,8051995.397136987,32306822.453080542,8058752.182085983,32311277.491168324,8063750.807209733,32310906.609247517,8066046.5479020495,32304965.815957457,8070637.839610372,32305894.691398762,8077791.510532128,32297912.376904972,8077117.018068792,32300325.89378903,8070368.086400678,32295313.975940276,8065371.555347085,32295684.857861087,8063075.7165373545,32301624.537391618,8058482.225808765
梅县/长岗岌,32988072.398590535,8130873.928192473,32988072.398590535,8130873.928192473,32994012.078121074,8134370.422122136,32986029.763627287,8138807.543507318,32984731.1200247,8144587.712020414,32983245.364822425,8146065.695137671,32974335.288646854,8147141.241357975,32968581.606956486,8152917.672309125,32962640.813666426,8149559.753917032,32970437.130320046,8144990.884822926,32971366.005761348,8139210.858498572,32973407.526965078,8137866.974331288,32982317.603140645,8136656.900141147
梧州,32441958.237156786,8219276.021245616,32441958.237156786,8219276.021245616,32434347.91834333,8219276.021245616,32435832.559786085,8212317.863767628,32430449.760016523,8207631.98739995,32430449.760016523,8206025.286598203,32435461.677865274,8201338.47209273,32434347.91834333,8194372.134989149,32441958.237156786,8194372.134989149,32440287.597873867,8201338.47209273,32445856.395483598,8206025.286598203,32445856.395483598,8207631.98739995,32440287.597873867,8212317.863767628
榆林/榆阳,32268954.629334386,6966904.958585247,32268954.629334386,6966904.958585247,32256517.27675282,6970438.68635267,32254475.755549088,6962191.80102987,32245936.561294332,6958949.802512784,32244822.801772386,6957181.185798703,32246308.556974664,6950546.261986446,32238140.24464071,6944349.938494151,32250948.47914309,6941103.395734702,32254661.753389254,6949071.863780113,32261344.310520932,6952463.736576099,32262828.951963685,6954675.438762736,32260787.43075996,6960718.126497293
武汉/天河,32778128.72870376,7594833.504295842,32778128.72870376,7594833.504295842,32784439.290155105,7598183.145947223,32776272.091580674,7602927.277665397,32775344.329898898,7609342.131618554,32772744.815174676,7611015.199920544,32763092.975157492,7612409.539016235,32757338.179707598,7618680.9762110105,32750655.622575924,7615058.123712517,32759565.69875149,7610178.692499446,32760122.578512467,7604182.714759322,32762720.979477167,7602229.202419521,32772373.93325387,7600694.812286782
永州/零陵,32472215.742089488,7960893.580610771,32472215.742089488,7960893.580610771,32480198.05658327,7960077.718621355,32479826.06090294,7967282.701004373,32485766.854193002,7971767.255702402,32486508.618034616,7973941.378738161,32481868.69586619,7979374.915373956,32484281.098990723,7986163.494058646,32476484.782337103,7986706.742801607,32476670.78017727,7979510.178858513,32470545.10280657,7975027.915745541,32470174.22088576,7972582.48651059,32474629.258973543,7967418.887974247
汉中/城固,32005736.50023438,7401439.593933942,32005736.50023438,7401439.593933942,32008891.780960053,7406683.445344977,31997383.303819783,7408241.625858156,31991999.3902907,7413199.6180441845,31989214.991485834,7414049.260514348,31979377.15362849,7411925.0436058305,31969353.317930978,7415323.613548406,31966939.801046923,7410225.404189456,31978077.39626638,7408950.519394782,31983461.30979546,7403565.636666141,31986245.708600327,7403140.45779953,31995712.664536864,7404983.075854721
池州/九华山,33173698.243075147,7615894.319710238,33173698.243075147,7615894.319710238,33168872.323066555,7620074.500633698,33161076.00641294,7615058.123712517,33151609.0504764,7615058.123712517,33149010.649511695,7613803.729724538,33145854.255026504,7607808.576641715,33136387.299089964,7604601.16697387,33140842.337177746,7600416.041190308,33148824.651671536,7605158.524506931,33158477.60544824,7605158.524506931,33161076.00641294,7606693.22705132,33164046.403057966,7612688.054475913
沈阳/桃仙,33815223.7277159,6649630.652972917,33815223.7277159,6649630.652972917,33821906.28484758,6654033.8651473075,33810954.68746828,6658283.981936803,33808727.16842439,6664958.278071949,33804829.010097586,6666625.9235486705,33793877.412718296,6667535.595725457,33786081.09606467,6673295.52601281,33779583.42301364,6669051.834103415,33789979.25439148,6664806.329182312,33792391.65751602,6658131.9307786105,33796289.81584283,6656007.523023166,33807242.52698164,6655552.168472696
河池/金城江,32059567.83920858,8105567.49126498,32059567.83920858,8105567.49126498,32053999.041598856,8109338.545749441,32047873.36422815,8103546.631617038,32039334.169973396,8102333.993999893,32037292.64876967,8101121.264929613,32036549.77116853,8094921.171563336,32028196.57475394,8090741.406704221,32034137.368043996,8086965.979165724,32040263.0454147,8092763.8793817125,32049173.121590264,8093977.24032517,32050471.76519285,8095190.509353435,32051771.522554964,8101121.264929613
泉州/晋江,33262057.240989193,8086291.065897505,33262057.240989193,8086291.065897505,33268739.798120864,8088988.9295528475,33262428.12291,8094381.6735440735,33262985.002670974,8100446.947982145,33261500.36122822,8102333.993999893,33253147.164813623,8104759.177848017,33249619.88840762,8111224.550432252,33242380.451514974,8108530.421446135,33249249.006486814,8103142.429235313,33248320.131045513,8096943.116502642,33249619.88840762,8095190.509353435,33258159.08266238,8093034.062376525
洛阳,32584519.45596584,7265157.328827437,32584519.45596584,7265157.328827437,32586376.093088925,7270461.446323329,32574867.615948662,7271321.300003558,32568369.94289763,7276049.364953182,32565400.660012122,7276765.285259379,32556118.588156223,7274330.2897869,32545537.87269774,7277194.988301282,32543310.35365385,7271464.029590419,32554819.944553636,7271034.11591291,32561316.503845148,7265873.91687252,32564657.782410983,7265587.458986459,32573938.740507357,7268024.2770214565
济南/遥墙,33107058.66959857,7101838.225597641,33107058.66959857,7101838.225597641,33098334.591263168,7101838.225597641,33099819.23270592,7094271.853247696,33094064.437256027,7089176.68200358,33094064.437256027,7086118.278905446,33099819.23270592,7080873.333882693,33098334.591263168,7073438.728772265,33107429.551519375,7073438.728772265,33105388.030315645,7080873.333882693,33111699.705526516,7086118.278905446,33111699.705526516,7089176.68200358,33105388.030315645,7094271.853247696
济宁/曲阜,33026311.1042575,7218177.323814961,33026311.1042575,7218177.323814961,33027610.861619614,7223790.483473945,33016287.268559985,7224222.1516274605,33009047.83166734,7228537.94394656,33005892.55094167,7229256.797970072,32996425.595005125,7226524.396356149,32985472.883866318,7228682.063529996,32984174.240263723,7223358.799139599,32995496.719563827,7222782.907041889,33002551.27237583,7218177.323814961,33005892.55094167,7218033.072693881,33014987.511197876,7220768.353150368
海口/美兰,32369378.98414967,8485011.117215704,32369378.98414967,8485011.117215704,32369378.98414967,8490021.917361964,32359355.148452155,8488966.700933918,32351929.713719346,8492658.131436182,32348402.43731334,8492658.131436182,32340978.116340052,8489230.9058135,32330954.28064254,8490285.317213694,32330954.28064254,8484879.778289996,32340978.116340052,8486066.544180987,32348031.555392534,8482373.886119664,32351929.713719346,8482373.886119664,32359355.148452155,8485802.297130829
海西/德令哈,30900515.05878386,7057093.828296345,30900515.05878386,7057093.828296345,30903671.453269057,7062788.01200754,30891604.982608296,7063810.024557027,30885479.30523759,7069063.088968735,30882138.026671752,7069792.191235449,30872300.18881441,7067750.057955941,30861348.591435112,7071397.2715022415,30858749.076710895,7065707.54569795,30870258.667610683,7064685.709515279,30876384.344981384,7059430.552878041,30880282.503308192,7058700.763183186,30890120.341165543,7060452.877764368
海西/花土沟,30181583.287367873,6979856.564935276,30181583.287367873,6979856.564935276,30174158.966394585,6983092.246892827,30168961.050705664,6976473.366162645,30159123.212848317,6973971.249293241,30156523.698124096,6971616.925458519,30156895.693804428,6965285.238129824,30148356.499549665,6959687.229183731,30156338.81404345,6956444.470530319,30161535.61597285,6963075.731489867,30171188.569749556,6965579.509983664,30173972.96855442,6967936.044116655,30173786.970714252,6974560.190983152
淮安/涟水,33324427.774218157,7339906.803310867,33324427.774218157,7339906.803310867,33331481.213270634,7343182.967145801,33323498.89877685,7348452.177039666,33323498.89877685,7354572.041096171,33321271.37973296,7356564.635432015,33311804.423796423,7358556.045492251,33306792.505947664,7365098.145748977,33299739.066895183,7361542.968285394,33307721.381388966,7356564.635432015,33307721.381388966,7350160.519475102,33309392.02067189,7348452.177039666,33318858.976608425,7346458.233090198
深圳/宝安,32733763.231906574,8282711.37347867,32733763.231906574,8282711.37347867,32726709.792854093,8285244.24824952,32723739.39620906,8278711.776997669,32715758.1954748,8276045.140674621,32713901.558351714,8273377.299058457,32715015.31787366,8267374.370763824,32709260.522423767,8262037.237143141,32716315.07523577,8259367.256701117,32719284.358121276,8266173.537864586,32727266.672615062,8268708.799607969,32729123.309738144,8271376.551629785,32728009.5502162,8277111.683752783
温州/龙湾,33513394.8972686,7832111.363105651,33513394.8972686,7832111.363105651,33520634.33416125,7834717.6977819605,33514508.656790547,7840339.408074254,33515437.532231852,7846644.647175263,33513766.892948933,7848562.725426972,33505598.580614984,7851166.067781352,33502072.417968504,7857877.34471244,33494460.98539552,7855275.216467016,33501143.5425272,7849659.35971798,33499658.901084445,7843766.637733027,33501700.422288172,7841710.562856251,33510053.618702766,7838968.944563761
湛江,32329840.521120593,8374589.244057117,32329840.521120593,8374589.244057117,32337636.837774217,8373129.741155005,32338935.481376804,8379893.100829398,32345618.03850848,8383605.536804696,32346360.916109614,8385329.05837651,32343762.515144914,8390895.415430855,32347845.557552367,8397122.207079887,32340049.24089875,8398711.76281827,32338750.59729616,8391955.221067468,32332068.040164486,8388112.4441783875,32331325.162563346,8386389.17966705,32334295.55920838,8380954.326946506
满洲里/西郊,33142698.97430083,5912270.60071278,33142698.97430083,5912270.60071278,33139543.69357516,5918195.145712789,33126363.46339245,5914739.660442995,33114298.106491216,5916879.264200109,33110213.950324237,5916385.632982723,33102232.749589976,5910459.832417484,33088124.75772549,5908977.739488233,33091095.154370517,5903046.791988013,33104274.270793706,5906671.090928685,33116711.62337527,5904364.807211272,33120794.665782727,5904859.133982382,33128406.0983557,5910953.8062153
漠河/古莲,33706818.172166355,5582029.651795338,33706818.172166355,5582029.651795338,33698278.9779116,5586481.90980866,33688998.01981522,5579459.730197485,33675446.907711715,5578431.533151184,33673034.50458717,5576717.238336201,33670991.86962393,5569171.876423328,33658183.635121554,5564194.03155495,33666722.82937631,5559042.018049796,33675818.90339204,5566253.917223683,33689368.901736036,5567798.486973658,33692339.29838106,5568999.958135745,33694195.935504146,5576545.4803341525
潍坊,33325169.53805977,7118261.887587801,33325169.53805977,7118261.887587801,33316445.459724367,7119859.968832759,33314588.82260129,7112451.44817364,33306792.505947664,7108672.078554533,33305864.744265888,7106491.4249178525,33309020.024991557,7100383.319393016,33304380.10282313,7093544.364575978,33312733.29923772,7091943.372031025,33314403.93852064,7099365.557273593,33322757.134935237,7103583.512618958,33323684.896617018,7105619.043805432,33319972.73613037,7111433.917550107
澜沧/景迈,31179697.816871434,8294171.595060135,31179697.816871434,8294171.595060135,31175799.65854463,8298700.707152462,31167446.462130032,8294438.562610997,31158536.38595447,8295104.365370595,31156122.86907041,8294171.595060135,31152410.708583765,8288709.067218444,31142757.754807062,8286043.943712073,31147027.908814203,8281645.169881686,31154824.225467823,8285910.397089962,31163734.301643386,8285110.695576051,31166146.70476792,8286043.943712073,31169859.97901409,8291373.789007534
烟台/蓬莱,33533442.568663627,7004978.810119989,33533442.568663627,7004978.810119989,33540497.12147563,7008647.053224999,33530844.167698927,7013632.885288278,33529730.40817698,7020229.03366544,33526760.011531956,7022134.134856693,33516922.173674606,7023305.865548713,33510239.616542928,7029603.622963659,33503371.06157109,7025942.457076946,33512467.135586824,7020962.277819904,33513580.895108767,7014659.509446772,33516736.17583444,7012607.043752834,33526946.009372115,7011287.207724095
牡丹江/海浪,34484779.198245466,6380442.01723814,34484779.198245466,6380442.01723814,34494060.156341836,6383409.64127551,34486449.837528385,6389809.26286085,34488120.476811305,6396673.235390904,34486820.71944919,6398855.660595104,34476611.99967104,6402128.812274601,34472341.8456639,6409762.034226226,34463431.769488335,6407113.962568572,34471043.20206131,6400258.579982063,34469000.56709806,6393398.174826365,34470300.32446017,6391681.585004366,34480510.15799785,6388092.95005255
玉树/巴塘,30877312.106663164,7433998.919035986,30877312.106663164,7433998.919035986,30875270.585459437,7439651.940146612,30864689.87000095,7436684.130639593,30855407.798145056,7439228.01109823,30851324.755737603,7438804.067475516,30844456.200765766,7433998.919035986,30833504.60338647,7433433.134890122,30835175.24266939,7428059.857445879,30845940.842208516,7430463.826053137,30855036.91622425,7428059.857445879,30859121.072391227,7428908.470482249,30865617.63168273,7433433.134890122
珠海/金湾,32686243.568143234,8311881.082466919,32686243.568143234,8311881.082466919,32691626.3679128,8315340.717929528,32683273.171498206,8319465.379353232,32681973.414136097,8325583.973154163,32679189.01533123,8327445.394793604,32670464.93699583,8328642.092606813,32663968.377704322,8333960.057406105,32658399.58009459,8330237.566418833,32666566.778669022,8326115.371567253,32668051.420111775,8320263.540062625,32671392.69867761,8318401.376019264,32679931.89293237,8317203.9975893255
琼海/博鳌,32362324.431337662,8559772.075930811,32362324.431337662,8559772.075930811,32355270.99228518,8562530.880285699,32351929.713719346,8555961.958241578,32343947.39922556,8553596.5418788,32342276.75994264,8551625.15482917,32343205.63538394,8545972.538093396,32336893.960173078,8540581.900723329,32343762.515144914,8537820.159098845,32347288.677791394,8544132.16487969,32355270.99228518,8546761.331744283,32356941.6315681,8548601.469835572,32356013.86988632,8554647.608602956
甘南/夏河,31499160.801829703,7264727.182803596,31499160.801829703,7264727.182803596,31497119.280625977,7270174.241093962,31486724.563007656,7267451.459797423,31476885.611390788,7269887.888729903,31473173.450904142,7269314.302968027,31466861.775693275,7264440.696748652,31455353.298553012,7263866.843148384,31457394.81975674,7258559.724217588,31468161.533055387,7261285.443087177,31477442.491151758,7258703.470833205,31481340.64947857,7259420.455884829,31488023.206610247,7264297.020911667
白城/长安,33766961.186351426,6292397.474597861,33766961.186351426,6292397.474597861,33772529.98396116,6297599.910923146,33760278.629219756,6300909.015875734,33756380.47089294,6307523.648524332,33753039.192327105,6308625.939124297,33741530.71518684,6307995.940036207,33731134.883809,6313661.546160115,33725752.084039435,6308311.41724238,33738003.43878084,6304847.186173072,33742272.479028456,6298545.4913087785,33745242.87567349,6297442.9351423755,33756751.35281375,6297757.829629555
白山/长白山,34256829.37816739,6607927.39681036,34256829.37816739,6607927.39681036,34266296.334103934,6608232.134798862,34263327.05121843,6615855.737355407,34269266.73074897,6621949.262031865,34268709.850987986,6623776.765554795,34261656.41193551,6629257.239805663,34262398.17577712,6637016.027688078,34252746.33575994,6636255.9363407325,34255715.61864545,6628649.057724463,34250146.82103572,6623015.651614815,34250332.81887588,6620883.670680643,34257572.25576854,6615550.32174181
百色/巴马,31978077.39626638,8190486.2275181785,31978077.39626638,8190486.2275181785,31973994.353858925,8195042.610442302,31966012.039365143,8190351.937392699,31957287.96102974,8190486.2275181785,31954688.446305517,8189279.990282648,31951904.047500655,8183649.735811899,31942252.20748347,8180833.898480833,31946707.245571256,8176273.649079539,31954688.446305517,8180968.264921391,31963413.638400443,8180968.264921391,31966012.039365143,8181772.831788857,31968796.438170005,8187671.539096756
石家庄/正定,32838085.74504867,6973088.217658367,32838085.74504867,6973088.217658367,32830289.428395048,6976178.510447971,32825277.51054629,6969261.2010755455,32815810.554609753,6966610.723167661,32813212.15364505,6964549.081205039,32814139.915326834,6957771.052020984,32806157.600833047,6952021.341105057,32813953.917486668,6948924.058713337,32818965.835335426,6955854.531018062,32828432.791271962,6958507.675786835,32831032.305996187,6960571.366740838,32830103.43055488,6967346.738321585
石河子/花园,29638440.636338677,6419254.938927244,29638440.636338677,6419254.938927244,29637511.760897372,6425319.549981978,29624518.642314352,6423920.371289358,29615051.686377816,6427651.052436929,29611710.407811977,6427496.2585660685,29602800.33163641,6423143.270873975,29589249.2195329,6423920.371289358,29589806.09929387,6417544.011410398,29602800.33163641,6419100.006869126,29612638.169493757,6415676.850192703,29615979.448059596,6415832.772353362,29624889.524235163,6420188.210565882
神农架/红坪,32327427.004236538,7523868.493061019,32327427.004236538,7523868.493061019,32335780.20065113,7522464.542799632,32336893.960173078,7529481.900731636,32344690.276826695,7533690.120511563,32345618.03850848,7535793.708993116,32341905.878021833,7541401.021633446,32345990.034188807,7548267.593314586,32338007.719695024,7549387.990461359,32336523.07825227,7542241.990205745,32329097.643519454,7538457.195359996,32328354.76591832,7536354.04639709,32331882.04232432,7530323.656024391
福州/长乐,33380857.514157057,7993492.056946167,33380857.514157057,7993492.056946167,33388096.951049704,7996070.060807005,33381971.273679003,8001766.666987554,33383085.03320095,8007596.174365334,33381229.50983739,8010171.810034219,33373061.19750344,8012747.015097888,33369719.9189376,8019520.833891522,33362852.477725282,8016946.758743709,33368978.155095987,8011255.774174221,33367307.515813068,8005155.9575602375,33369349.037016794,8003122.147555491,33377516.235591218,8000274.360832005
秦皇岛/北戴河,33328510.81662561,6832487.84447032,33328510.81662561,6832487.84447032,33331110.331349827,6838303.324626794,33319229.858529232,6839346.1867551,33312733.29923772,6844413.2170796,33309392.02067189,6845009.438405108,33298996.189294044,6843072.264271168,33288044.59191475,6846051.626056861,33285074.195269722,6840687.621710481,33297325.550011124,6839346.1867551,33304194.104982965,6834277.571159992,33307164.501627993,6833680.731729332,33317559.219246313,6835917.583766602
稻城/亚丁,31202159.005150516,7741008.797928306,31202159.005150516,7741008.797928306,31193805.808735922,7742527.196472537,31192320.053533643,7735484.653530939,31185080.616641,7731754.785383666,31183409.97735808,7728715.435585586,31186566.37184328,7722910.109274901,31181925.335915327,7716410.191763645,31189907.65040911,7714888.892935516,31191763.173772674,7721942.038539773,31199188.608505487,7725950.749033841,31200302.368027434,7728715.435585586,31197147.08730176,7734794.28999391
腾冲/驼峰,31020430.205233194,8099908.444339194,31020430.205233194,8099908.444339194,31012819.886419736,8099908.444339194,31013933.645941682,8093034.062376525,31008921.728092927,8088179.780145902,31008921.728092927,8085886.427949743,31013933.645941682,8081029.971380969,31012819.886419736,8074147.453106418,31020430.205233194,8074147.453106418,31018945.56379044,8080895.588365807,31024514.36140017,8085886.427949743,31024514.36140017,8088449.23145003,31018945.56379044,8093034.062376525
营口/兰旗,33682501.46052372,6746813.061781116,33682501.46052372,6746813.061781116,33690668.65909815,6749670.772292685,33683243.22436533,6755833.717025417,33684542.98172744,6762744.424484161,33682686.34460436,6764546.366468942,33672848.50674701,6767098.270855457,33668764.35058004,6774601.647897691,33660411.15416545,6771750.943839813,33668022.58673842,6765597.652083851,33666722.82937631,6758688.886225266,33668022.58673842,6756885.904728349,33677860.424595766,6754331.433034198
衡阳/南岳,32599741.207352277,7930813.611691039,32599741.207352277,7930813.611691039,32606052.882563144,7934218.848064329,32597884.57022919,7938713.287357163,32597699.686148547,7944839.887878536,32595843.04902547,7946473.224120901,32586932.972849898,7948106.382199259,32581178.177400008,7953957.343543051,32575238.49786947,7950555.785622809,32583034.814523086,7946064.906769678,32583220.812363252,7939938.808504249,32585076.335726816,7938441.208010997,32594358.407582708,7936670.528384119
衢州,33303823.223062158,7748186.787860502,33303823.223062158,7748186.787860502,33309020.024991557,7752601.709876597,33298996.189294044,7755636.615896953,33296026.906408537,7761703.604575304,33293799.387364645,7762806.18249708,33284146.43358794,7762806.18249708,33276350.11693432,7767492.608566475,33271709.081006374,7763357.852128842,33281176.036942914,7760049.159627153,33284146.43358794,7753981.445693699,33286559.950471997,7752877.336981109,33296026.906408537,7752877.336981109
襄阳/刘集,32553334.18935136,7478451.171444561,32553334.18935136,7478451.171444561,32562059.381446283,7479155.201338586,32558532.105040282,7486055.638838749,32562801.1452879,7491685.039731568,32562059.381446283,7493514.515641838,32555376.82431461,7497875.647827335,32555004.82863428,7505327.516080834,32546280.75029888,7504203.226883768,32549808.02670488,7497312.761083004,32545537.87269774,7491826.037895704,32546094.752458714,7489856.1415729225,32553334.18935136,7485633.2896096865
西双版纳/嘎洒,31279936.17384655,8336484.885937049,31279936.17384655,8336484.885937049,31272510.73911374,8337947.307527396,31270840.09983082,8331300.871540616,31263229.781017367,8328109.970768305,31262672.901256394,8326248.61766395,31265271.302221093,8320529.319716671,31260445.382212505,8314675.670230472,31267870.816945314,8312679.580599182,31269726.34030888,8319465.379353232,31276780.893120885,8323056.823736252,31277708.654802665,8324786.048236277,31275110.253837965,8330237.566418833
西宁/曹家堡,31434934.74523718,7117971.698900271,31434934.74523718,7117971.698900271,31432335.230512958,7123634.680494618,31421754.51505447,7120150.108457314,31411916.677197125,7122038.010211116,31407461.639109343,7120875.860163739,31401521.95957881,7115792.864184501,31389641.48675821,7114195.072178995,31392796.767483883,7108963.381536372,31403377.482942365,7112451.44817364,31412844.43887891,7110561.923635731,31417671.47264702,7111579.533884154,31423240.270256747,7116664.449117467
西安/咸阳,32173171.310447052,7285356.352827092,32173171.310447052,7285356.352827092,32178926.105896946,7289649.528209954,32169459.149960406,7293368.7257295,32167231.630916514,7299803.516719766,32164447.232111648,7301090.053288978,32154237.398573972,7301662.088134814,32146997.961681325,7307520.632779691,32141243.16623143,7303091.625147735,32150896.120008133,7299088.9994386155,32152937.64121186,7293082.939440126,32155908.03785689,7291366.359157083,32165931.8735544,7290937.174928149
西昌/青山,31423611.152177557,7825113.791737892,31423611.152177557,7825113.791737892,31431778.350751985,7824977.099037327,31430850.5890702,7831974.737546731,31436605.3845201,7836912.180283092,31436419.386679932,7839791.56746142,31431221.470991015,7844862.816288422,31433448.9900349,7851850.733440701,31425281.791460477,7851987.991420697,31426209.553142257,7845000.141077561,31420455.871451885,7839928.118285184,31420269.87361172,7837460.13120083,31425838.671221446,7832111.363105651
贵阳/龙洞堡,31943365.967005417,7970680.4847705625,31943365.967005417,7970680.4847705625,31935383.652511634,7969593.635785694,31938910.928917635,7963204.677851378,31934826.77275066,7957493.591981436,31935383.652511634,7955181.61785725,31941880.211803142,7950963.980629078,31942252.20748347,7944023.152893895,31950233.408217736,7945112.667430364,31946892.129651897,7951508.495477226,31950976.285818875,7957221.85348392,31950048.524137095,7959533.51410551,31943365.967005417,7963748.749833781
赣州/黄金,32846809.82338407,8004885.069610132,32846809.82338407,8004885.069610132,32850523.097630233,8009629.392743263,32840127.26625239,8012068.900521966,32836229.107925583,8017218.247577509,32833630.706960887,8018301.716893838,32824349.74886451,8017353.177379182,32815996.55244992,8021416.776309105,32812283.27820375,8016676.078001719,32822307.11390126,8014237.298843209,32826205.27222807,8008816.137619283,32828804.786952294,8008002.839529113,32837899.747208502,8009087.769608469
赤峰/玉龙,33279320.513579354,6628192.439877297,33279320.513579354,6628192.439877297,33270038.44172346,6626060.667476162,33276906.996695295,6619360.021606283,33274308.595730595,6612806.641521787,33275607.239333183,6610825.227247109,33285074.195269722,6607012.210741384,33288230.589754917,6599382.636904212,33296954.668090314,6601977.157977238,33290642.99287945,6608689.681548645,33293242.507603675,6615093.094976056,33291942.750241563,6617227.247211538,33282104.912384216,6620578.411388209
达州/河市,32010376.422402807,7590645.239641156,32010376.422402807,7590645.239641156,32002580.105749186,7588969.555931529,32007221.141677134,7582543.817858158,32004622.740712434,7576535.087763902,32005364.50455405,7575136.899015631,32013160.82120767,7571641.184632173,32015017.45833075,7564368.20543563,32022813.774984375,7566047.078671073,32017801.857135616,7572760.385982972,32020772.253780648,7578491.627234139,32020029.37617951,7579889.45346125,32012233.05952589,7583801.223305938
连云港/白塔埠,33293242.507603675,7272467.386579052,33293242.507603675,7272467.386579052,33300852.82641713,7275046.315291165,33294356.26712562,7280775.520252774,33295840.908568375,7287359.743785329,33294356.26712562,7288934.394128834,33285446.19095005,7291795.527719512,33281548.032623243,7298945.747664135,33273936.600050267,7296372.065767769,33280619.157181937,7290222.119202131,33279134.515739188,7283924.659074975,33280248.27526113,7282350.195396645,33289529.233357508,7279199.774240224
通化/三源浦,34061364.58206591,6610825.227247109,34061364.58206591,6610825.227247109,34069160.898719534,6614484.035837794,34060250.82254397,6619969.69239407,34059693.942783,6626974.079802383,34057838.41941944,6628496.5497191865,34047257.70396095,6630475.317374124,34041132.02659025,6637168.4038989,34033335.709936626,6633821.972397269,34042430.67019284,6628039.924797602,34042987.54995381,6621492.333062549,34044844.1870769,6619817.049735285,34055238.90469521,6617684.374591791
郑州/新郑,32750469.624735758,7291652.187161921,32750469.624735758,7291652.187161921,32747128.346169926,7296801.051803645,32737476.50615274,7293082.939440126,32727452.670455232,7294655.965304023,32723368.514288254,7293368.7257295,32718356.5964395,7287932.446391603,32706848.119299233,7286215.113494758,32710374.281945713,7281205.076190764,32720398.117643222,7284926.948927105,32729865.073579766,7283209.176143765,32734135.227586903,7284497.52931202,32739518.02735647,7289649.528209954
郑州/新郑,32748428.10353203,7292797.146207518,32748428.10353203,7292797.146207518,32745086.824966196,7297802.244421365,32735433.87118949,7294084.448314315,32725410.03549198,7295800.632094156,32721883.8728455,7294513.517720226,32716499.959316414,7289363.65150046,32704991.482176147,7287503.136714097,32708332.760741986,7282493.649558415,32718542.59427966,7285929.153170374,32728009.5502162,7284640.957211523,32732092.592623655,7285642.327107694,32737104.51047241,7291080.524203271
鄂尔多斯/伊金霍洛,32305337.81163779,6860193.941721134,32305337.81163779,6860193.941721134,32299953.898108702,6865101.833875378,32291043.821933135,6859895.824325498,32280278.22239401,6860193.941721134,32276936.943828173,6859003.20622958,32272852.787661195,6852604.46335333,32261344.310520932,6849477.772942224,32266727.110290494,6844562.499098729,32276008.068386868,6849775.295718054,32286774.781685516,6849477.772942224,32289930.06241119,6850668.706280541,32294200.21641833,6857069.532919681
重庆/江北,31927030.456097037,7681787.257066408,31927030.456097037,7681787.257066408,31935012.770590827,7683589.313387506,31930371.734662876,7690104.986453378,31933527.01538855,7695924.345030062,31932413.255866602,7698278.810207782,31924802.937053144,7702017.85280463,31922946.299930066,7709077.675534941,31914965.0991958,7707278.184864301,31919605.021364227,7701048.293593095,31916820.62255936,7694954.34899899,31917563.5001605,7692876.145321431,31925173.81897396,7688857.654451849
金昌/金川,31467604.653294414,6945678.025635697,31467604.653294414,6945678.025635697,31461849.85784452,6950251.575652539,31453496.661429927,6944940.515035901,31442915.94597144,6944497.807060415,31439574.667405605,6943021.685599402,31436976.266440906,6936673.88824713,31426024.669061616,6932980.924950667,31431778.350751985,6928252.729421808,31440131.54716658,6933867.282416396,31450712.26262506,6934310.43339061,31454053.5411909,6935787.765095111,31456653.055915125,6942136.091535246
铜仁/凤凰,32232571.447030984,7835677.979639354,32232571.447030984,7835677.979639354,32238883.122241847,7839380.2619252335,32230529.925827257,7843766.637733027,32229045.284384504,7849933.094202105,32227374.645101584,7851303.332297226,32217907.68916505,7852536.188372723,32212152.89371515,7858150.922944267,32205841.218504287,7854727.123844972,32214194.414918877,7850070.370493524,32215680.170121156,7844177.817307638,32217350.809404075,7842806.898703011,32226817.76534061,7841573.206538036
银川/河东,31889719.512111858,6972646.67457499,31889719.512111858,6972646.67457499,31881737.197618067,6969702.883636656,31889162.632350884,6964107.1859767465,31888048.872828938,6957623.367433464,31890833.2716338,6954823.164134778,31900114.229730174,6952315.978529819,31904941.263498288,6945383.204599292,31913108.462072715,6948333.703057565,31905498.143259257,6954085.401461907,31906425.904941045,6960423.720856087,31904012.388056986,6962928.1201845575,31893988.552359477,6965874.657409544
锡林浩特,32970252.2462394,6437748.189942061,32970252.2462394,6437748.189942061,32978790.32673464,6440852.32701575,32970994.01008102,6447212.946610877,32972293.767443128,6454189.533946884,32970437.130320046,6456049.089313527,32959856.41486156,6459302.433365943,32955773.37245411,6466734.4604034405,32947048.180359185,6463948.132316798,32954844.49701281,6457598.749884179,32953173.857729886,6450469.327395096,32955030.49485297,6448298.841575131,32965611.210311458,6445507.086031029
锦州/锦州湾,33562586.31407438,6711405.001293736,33562586.31407438,6711405.001293736,33570939.51048897,6714724.539388362,33563143.19383535,6720457.350163956,33564070.955517136,6727391.367878409,33561843.43647324,6729350.588371929,33552191.596456062,6731761.344550109,33546993.68076714,6738838.4262370635,33539011.36627335,6735827.681479566,33546993.68076714,6729802.592563277,33546065.919085357,6723171.466249974,33547736.55836828,6721211.04315227,33557760.39406579,6718797.759801897
长春/龙嘉,34061550.579906076,6432312.326775337,34061550.579906076,6432312.326775337,34068233.137037754,6436971.2974785585,34056909.54397813,6441162.405259429,34053940.261092626,6448143.455509085,34050598.98252679,6449694.410396787,34039089.391627,6450314.907221733,34030551.31113176,6456359.599495599,34023868.75400009,6451710.178763928,34035377.23114035,6447678.212503344,34037790.74802441,6440696.818477877,34041132.02659025,6438989.780976556,34052826.50157068,6438368.54016027
长沙/黄花,32652273.90272389,7808635.307154089,32652273.90272389,7808635.307154089,32660811.983219128,7808360.778003296,32659513.339616537,7815641.00427112,32665639.016987238,7820447.380528211,32665823.901067883,7822780.77769263,32660811.983219128,7827995.561049293,32663039.50226302,7834717.6977819605,32654501.421767782,7834991.717954792,32655800.06537037,7827858.896026592,32649860.385839835,7823192.562323229,32649674.38799967,7820995.965128185,32654686.305848427,7815641.00427112
阿克苏/温宿,29013806.42860775,6693577.87794009,29013806.42860775,6693577.87794009,29013064.664766133,6699775.239129074,29000441.3143444,6697811.146567401,28991346.35408819,6701588.463505952,28987633.079842024,6701135.188196329,28979279.88342743,6697054.786505589,28966286.76484441,6697357.700157909,28967028.528686028,6691461.0249126265,28979651.87910776,6693426.364997366,28988746.83936397,6689645.9630672075,28992460.113610137,6689796.625754265,29001184.191945538,6694182.999543811
阿勒泰,29883095.73548641,6092777.2923011035,29883095.73548641,6092777.2923011035,29877898.93355701,6098096.527193642,29866946.2224182,6093099.439049467,29854694.867676795,6094228.310891913,29851539.58695112,6092937.883442756,29846156.787181556,6086486.78325529,29833162.554839015,6083904.438669672,29838360.47052794,6078092.118157286,29849682.94982804,6083420.225246601,29861934.30456944,6082451.718473774,29864533.819293663,6083420.225246601,29870102.616903394,6089874.538441058
阿尔山/伊尔施,33425964.77479586,6123358.783093821,33425964.77479586,6123358.783093821,33429121.169281054,6129141.407160448,33415199.175256733,6130586.474573849,33407587.742683757,6136364.394013539,33404246.464117922,6137006.47406101,33392737.98697765,6134438.838379016,33380115.750315443,6137969.0259325635,33377145.353670415,6132031.30682602,33390696.465773925,6130747.344195241,33398306.784587383,6125286.743316187,33401834.06099338,6124644.779108312,33412971.656212844,6126893.37800199
青岛/流亭,33464204.594222344,7151906.741882272,33464204.594222344,7151906.741882272,33455479.402127422,7153354.966382764,33454551.640445642,7146112.851261493,33446384.44187121,7141765.6927668955,33445641.56427008,7139447.100615568,33449353.724756718,7133356.994502254,33444713.802588295,7126247.397041781,33453251.883083533,7125086.555322525,33454737.63828581,7132486.709406542,33462347.957099263,7136692.171937588,33463647.71446137,7139012.202586421,33459934.440215208,7145243.55394675
鞍山/腾鳌,33731506.87948933,6695090.15971496,33731506.87948933,6695090.15971496,33740601.83974554,6696601.305809312,33735961.91757711,6704005.8875296395,33740044.95998456,6710348.060361636,33738931.20046262,6712159.373494622,33730578.00404803,6716686.227381343,33729279.36044543,6724226.155211063,33719997.28858954,6723020.399692925,33724824.322357655,6715629.842167212,33721111.04811148,6709291.008093443,33721853.92571262,6707177.475367304,33730393.119967386,6702948.166353375
鸡西/兴凯湖,34684513.034594566,6324982.305033764,34684513.034594566,6324982.305033764,34680800.87410792,6330794.82692687,34668735.517206684,6326867.746678231,34657411.92414706,6329067.569870428,34654256.64342139,6328125.122014239,34647758.97037035,6322310.916863671,34634393.85610701,6320738.650892688,34638292.014433816,6314920.725112021,34650172.48725441,6319009.5087322155,34661496.08031403,6317122.4583286885,34664280.4791189,6317436.67905964,34671147.92033122,6323567.970744379
黄山/屯溪,33236811.65390525,7700079.495861452,33236811.65390525,7700079.495861452,33231985.733896658,7704371.25849606,33224189.417243034,7699386.505379582,33214907.345387142,7698971.026445586,33212494.942262605,7697724.513085185,33209524.545617577,7691767.916351827,33200057.589681037,7688302.970415002,33205440.389450602,7684005.266236012,33212679.826343246,7689134.572122405,33222518.777960114,7689550.353738043,33224931.181084648,7690797.621666509,33227344.697968706,7696755.477334132
黎平,32219206.332767636,7966331.804478345,32219206.332767636,7966331.804478345,32222919.607013803,7970951.980994918,32213266.653237097,7973669.936102927,32209368.494910285,7979238.8358338345,32206954.978026234,7979782.331859008,32197860.017770022,7979102.7550746715,32189506.821355432,7983448.588944577,32185422.665188454,7978967.487962145,32195632.49872613,7976522.693885305,32199530.65705294,7970951.980994918,32201386.180416502,7969865.15151325,32210482.25443223,7970816.641143551
黑河/瑷珲,34242536.50222227,5863731.966275215,34242536.50222227,5863731.966275215,34232141.784603946,5866049.299456935,34228428.510357775,5858100.379447164,34217662.91081865,5853958.021285383,34215806.273695566,5851968.650082179,34218590.67250043,5845002.160518357,34211165.23776762,5837697.098472643,34221561.069145456,5834873.581938155,34225273.22963211,5843175.989838003,34236039.94293076,5846993.172426653,34237895.46629432,5848983.715091924,34234740.185568646,5856444.077310285
黔江/武陵山,32181338.50902148,7701741.199026327,32181338.50902148,7701741.199026327,32173542.19236786,7699664.038201325,32170386.911642186,7706447.698024245,32162033.715227593,7709216.343508691,32160733.957865484,7710876.9278491195,32162776.592828732,7716963.726425182,32156650.91545803,7723047.806991636,32164261.234271485,7725398.408136424,32167416.51499716,7718623.36574284,32175769.71141175,7715442.489429375,32176698.58685305,7713920.252411116,32175212.83165078,7707832.09133932
齐齐哈尔/三家子,33863487.3828399,6150472.733198732,33863487.3828399,6150472.733198732,33853463.54714239,6152394.823261994,33850307.152657196,6144543.35651069,33840098.43287904,6140695.369780421,33838984.67335709,6138610.990099619,33841583.07432179,6131549.722195685,33834529.635269314,6124483.798814237,33844553.47096682,6122394.645762119,33847708.751692496,6130426.565354878,33858289.46715098,6134118.192840464,33859403.226672925,6136204.588772252,33856432.83002789,6143421.84018969
